{
    "1": {
        "calculator": "state",
        "calculator_parameters": {
            "input_data": {
                "WF_OPT": "DAV",
                "TYPE": 0,
                "NSPG": 1,
                "VERBOSITY": "MEDIUM",
                "GMAX": 6.0,
                "GMAXP": 20.0,
                "GEO_OPT": "GDIIS",
                "KPOINT_MESH": [
                    4,
                    4,
                    1
                ],
                "KPOINT_SHIFT": [
                    "OFF",
                    "OFF",
                    "OFF"
                ],
                "NEG": 200,
                "NSCF": 200,
                "NSTEP": 200,
                "WAY_MIX": 6,
                "MIX_WHAT": 1,
                "KBXMIX": 30,
                "MIX_ALPHA": 0.5,
                "DTIO": 500,
                "IMDALG": 2,
                "WIDTH": -0.002,
                "FORCCR": "1.00D-03",
                "XCTYPE": "rev-vdw-df2",
                "DESTM": 1.0,
                "EDELTA": "1.00D-09",
                "PSEUDOS": [
                    [
                        "Cu",
                        63.55,
                        "pot.Cu_pbe1"
                    ]
                ],
                "SUBSTRATE_IDX": [
                    "1:18"
                ],
                "VDW-DF": {
                    "QCUT": 10,
                    "NQ": "20"
                }
            }
        },
        "cell": {
            "array": {
                "__ndarray__": [
                    [
                        3,
                        3
                    ],
                    "float64",
                    [
                        7.670057966208599,
                        0.0,
                        0.0,
                        3.8350289831042996,
                        6.642465047235852,
                        0.0,
                        0.0,
                        0.0,
                        26.26257610492679
                    ]
                ]
            },
            "__ase_objtype__": "cell"
        },
        "ctime": 22.166515056925093,
        "energy": -58559.7921264136,
        "forces": {
            "__ndarray__": [
                [
                    36,
                    3
                ],
                "float64",
                [
                    0.0,
                    0.0,
                    0.13318315376434486,
                    0.003599544696333645,
                    -0.001028441341809613,
                    0.12855516772620162,
                    -0.0005142206709048064,
                    0.0005142206709048064,
                    0.1280409470552968,
                    0.004627986038143258,
                    0.006170648050857677,
                    0.1290693883971064,
                    0.0030853240254288387,
                    0.0025711033545240325,
                    0.12958360906801122,
                    -0.004113765367238452,
                    0.004113765367238452,
                    0.13164049175163045,
                    -0.0030853240254288387,
                    -0.004627986038143258,
                    0.12701250571348718,
                    0.004113765367238452,
                    -0.005142206709048065,
                    0.13112627108072566,
                    0.0015426620127144193,
                    -0.0005142206709048064,
                    0.1264982850425824,
                    -0.004113765367238452,
                    -0.006684868721762483,
                    0.030853240254288386,
                    -0.005656427379952872,
                    -0.011312854759905743,
                    0.02879635757066916,
                    0.0005142206709048064,
                    -0.012341296101715355,
                    0.02879635757066916,
                    -0.011827075430810548,
                    0.004113765367238452,
                    0.02725369555795474,
                    -0.002056882683619226,
                    -0.0,
                    0.019540385494382646,
                    0.005142206709048065,
                    -0.002056882683619226,
                    0.02622525421614513,
                    -0.00874175140538171,
                    0.009255972076286516,
                    0.03136746092519319,
                    -0.0030853240254288387,
                    0.009770192747191323,
                    0.02725369555795474,
                    0.0030853240254288387,
                    0.0015426620127144193,
                    0.03291012293790761,
                    0.004113765367238452,
                    0.004627986038143258,
                    -0.029310578241573966,
                    0.005656427379952872,
                    0.002056882683619226,
                    -0.03496700562152684,
                    -0.0005142206709048064,
                    0.010798634089000936,
                    -0.031881681596098,
                    0.00719908939266729,
                    -0.01028441341809613,
                    -0.025711033545240323,
                    0.0077133100635720965,
                    -0.011312854759905743,
                    -0.03136746092519319,
                    -0.005656427379952872,
                    -0.006170648050857677,
                    -0.029824798912478776,
                    0.004113765367238452,
                    0.004627986038143258,
                    -0.021597268178001873,
                    0.009770192747191323,
                    0.003599544696333645,
                    -0.026739474887049933,
                    -0.004627986038143258,
                    0.009770192747191323,
                    -0.02725369555795474,
                    -0.002056882683619226,
                    -0.0025711033545240325,
                    -0.13472581577705928,
                    -0.0,
                    -0.005142206709048065,
                    -0.12855516772620162,
                    -0.001028441341809613,
                    -0.005656427379952872,
                    -0.13009782973891604,
                    -0.0005142206709048064,
                    0.006170648050857677,
                    -0.12855516772620162,
                    -0.001028441341809613,
                    0.0,
                    -0.12855516772620162,
                    -0.0015426620127144193,
                    0.002056882683619226,
                    -0.13061205040982085,
                    -0.008227530734476903,
                    0.0005142206709048064,
                    -0.12958360906801122,
                    0.0030853240254288387,
                    0.001028441341809613,
                    -0.13061205040982085,
                    0.002056882683619226,
                    0.001028441341809613,
                    -0.12701250571348718
                ]
            ]
        },
        "mtime": 22.166515056925093,
        "numbers": {
            "__ndarray__": [
                [
                    36
                ],
                "int64",
                [
                    29,
                    29,
                    29,
                    29,
                    29,
                    29,
                    29,
                    29,
                    29,
                    29,
                    29,
                    29,
                    29,
                    29,
                    29,
                    29,
                    29,
                    29,
                    29,
                    29,
                    29,
                    29,
                    29,
                    29,
                    29,
                    29,
                    29,
                    29,
                    29,
                    29,
                    29,
                    29,
                    29,
                    29,
                    29,
                    29
                ]
            ]
        },