{
    "1": {
        "calculator": "state",
        "calculator_parameters": {
            "input_data": {
                "WF_OPT": "DAV",
                "TYPE": 0,
                "NSPG": 1,
                "VERBOSITY": "MEDIUM",
                "GMAX": 6.0,
                "GMAXP": 20.0,
                "GEO_OPT": "GDIIS",
                "KPOINT_MESH": [
                    4,
                    4,
                    1
                ],
                "KPOINT_SHIFT": [
                    "OFF",
                    "OFF",
                    "OFF"
                ],
                "NEG": 200,
                "NSCF": 200,
                "NSTEP": 200,
                "WAY_MIX": 6,
                "MIX_WHAT": 1,
                "KBXMIX": 30,
                "MIX_ALPHA": 0.5,
                "DTIO": 500,
                "IMDALG": 2,
                "WIDTH": -0.002,
                "FORCCR": "1.00D-03",
                "XCTYPE": "optb86b",
                "DESTM": 1.0,
                "EDELTA": "1.00D-09",
                "PSEUDOS": [
                    [
                        "Cu",
                        63.55,
                        "pot.Cu_pbe1"
                    ]
                ],
                "SUBSTRATE_IDX": [
                    "1:18"
                ],
                "VDW-DF": {
                    "QCUT": 10,
                    "NQ": "20"
                }
            }
        },
        "cell": {
            "array": {
                "__ndarray__": [
                    [
                        3,
                        3
                    ],
                    "float64",
                    [
                        7.655632987872395,
                        0.0,
                        0.0,
                        3.8278164939361976,
                        6.629972649547659,
                        0.0,
                        0.0,
                        0.0,
                        26.250798159435323
                    ]
                ]
            },
            "__ase_objtype__": "cell"
        },
        "ctime": 22.166520813576422,
        "energy": -58555.384343926984,
        "forces": {
            "__ndarray__": [
                [
                    36,
                    3
                ],
                "float64",
                [
                    -0.001028441341809613,
                    0.001028441341809613,
                    0.1527235392587275,
                    0.0005142206709048064,
                    -0.00719908939266729,
                    0.1511808772460131,
                    -0.0015426620127144193,
                    0.0015426620127144193,
                    0.14449600852425062,
                    0.0025711033545240325,
                    0.002056882683619226,
                    0.1501524359042035,
                    -0.002056882683619226,
                    0.0015426620127144193,
                    0.143467567182441,
                    -0.0030853240254288387,
                    -0.004113765367238452,
                    0.143467567182441,
                    -0.0015426620127144193,
                    -0.0030853240254288387,
                    0.1516950979169179,
                    0.0025711033545240325,
                    0.004627986038143258,
                    0.14603867053696504,
                    -0.003599544696333645,
                    0.0077133100635720965,
                    0.14758133254967945,
                    -0.006170648050857677,
                    0.0077133100635720965,
                    0.025196812874335516,
                    0.012341296101715355,
                    0.008227530734476903,
                    0.02879635757066916,
                    0.0,
                    0.0077133100635720965,
                    0.02879635757066916,
                    0.003599544696333645,
                    -0.01028441341809613,
                    0.024168371532525903,
                    0.001028441341809613,
                    -0.006684868721762483,
                    0.035481226292431646,
                    0.002056882683619226,
                    -0.013883958114429775,
                    0.029310578241573966,
                    0.01028441341809613,
                    -0.0030853240254288387,
                    0.023654150861621096,
                    -0.005142206709048065,
                    -0.0077133100635720965,
                    0.019540385494382646,
                    0.0015426620127144193,
                    0.003599544696333645,
                    0.020054606165287453,
                    0.002056882683619226,
                    0.004113765367238452,
                    -0.01748350281076342,
                    -0.0025711033545240325,
                    0.013883958114429775,
                    -0.022625709519811486,
                    -0.006170648050857677,
                    -0.003599544696333645,
                    -0.022625709519811486,
                    0.0025711033545240325,
                    0.005656427379952872,
                    -0.031881681596098,
                    -0.006170648050857677,
                    0.005142206709048065,
                    -0.029310578241573966,
                    -0.0030853240254288387,
                    0.015940840798049,
                    -0.02879635757066916,
                    -0.009770192747191323,
                    -0.006170648050857677,
                    -0.028282136899764356,
                    -0.001028441341809613,
                    -0.012855516772620161,
                    -0.02056882683619226,
                    0.004113765367238452,
                    -0.00874175140538171,
                    -0.02776791622885955,
                    0.0,
                    0.004113765367238452,
                    -0.15375198060053713,
                    0.0015426620127144193,
                    -0.005656427379952872,
                    -0.1511808772460131,
                    0.0005142206709048064,
                    0.003599544696333645,
                    -0.14295334651153618,
                    -0.001028441341809613,
                    -0.0005142206709048064,
                    -0.14963821523329868,
                    0.0030853240254288387,
                    -0.0015426620127144193,
                    -0.1450102291951554,
                    0.0,
                    -0.006684868721762483,
                    -0.14552444986606022,
                    -0.0,
                    -0.003599544696333645,
                    -0.14809555322058426,
                    0.003599544696333645,
                    0.002056882683619226,
                    -0.14552444986606022,
                    -0.001028441341809613,
                    0.003599544696333645,
                    -0.143467567182441
                ]
            ]
        },
        "mtime": 22.166520813576422,
        "numbers": {
            "__ndarray__": [
                [
                    36
                ],
                "int64",
                [
                    29,
                    29,
                    29,
                    29,
                    29,
                    29,
                    29,
                    29,
                    29,
                    29,
                    29,
                    29,
                    29,
                    29,
                    29,
                    29,
                    29,
                    29,
                    29,
                    29,
                    29,
                    29,
                    29,
                    29,
                    29,
                    29,
                    29,
                    29,
                    29,
                    29,
                    29,
                    29,
                    29,
                    29,
                    29,
                    29
                ]
            ]
        },